<?xml version="1.0" encoding="UTF-8" standalone="no"?>
<registration_data version="1.0">
   <environment>
      <hostname>ABC-PC2</hostname>
      <hostId/>
      <osName>Windows 7</osName>
      <osVersion>6.1</osVersion>
      <osArchitecture>x86</osArchitecture>
      <systemModel>MS-7641</systemModel>
      <systemManufacturer>MSI</systemManufacturer>
      <cpuManufacturer>AuthenticAMD</cpuManufacturer>
      <serialNumber>To Be Filled By O.E.M.</serialNumber>
   </environment>
   <registry urn="urn:st:a1056bb5-0cc3-478f-9ce4-2ec0f3ce13be" version="1.0">
      <service_tag>
         <instance_urn>urn:st:7eb59d65-9e41-4b48-a239-f4fe71d1682a</instance_urn>
         <product_name>Java SE 7 Runtime Environment</product_name>
         <product_version>1.7.0_17</product_version>
         <product_urn>JSERE-007-ZZZZ</product_urn>
         <product_parent_urn>urn:uuid:dc1704fe-264f-11dc-9482-080020a9ed93</product_parent_urn>
         <product_parent>Java Platform Standard Edition 7 (Java SE 7)</product_parent>
         <product_defined_inst_id>id=1.7.0_17-b02 x86,dir=C:\jre7</product_defined_inst_id>
         <product_vendor>Oracle Corporation</product_vendor>
         <platform_arch>x86</platform_arch>
         <timestamp>2015-05-18 11:43:25 GMT</timestamp>
         <container>global</container>
         <source>Windows JRE installer</source>
         <installer_uid>-1</installer_uid>
      </service_tag>
   </registry>
</registration_data>
